,bin_ID,bin_size(100kb),0.9,0.89,0.88,0.87,0.86,0.85,0.84,0.83,0.82,0.81,0.8,0.7,0.6,0.5,0.4,0.3,dom_ID
0,0,1,,,,,,,,,,,,,,,,,1
1,1,1,,,,,,,,,,,,,,,,,1
2,2,1,,,,,,,,,,,,,,,,,1
3,3,1,,,,,,,,,,,,,,,,,1
4,4,1,,,,,,,,,,,,,,,,,1
5,5,1,,,,,,,,,,,,,,,,,1
6,6,1,,,,,,,,,,,,,,,,,1
7,7,1,,,,,,,,,,,,,,,,,1
8,8,1,,,,,,,,,,,,,,,,,1
9,9,1,,,,,,,,,,,,,,,,,1
10,10,1,,,,,,,,,,,,,,,,,1
11,11,1,,,,,,,,,,,,,,,,,1
12,12,1,,,,,,,,,,,,,,,,,1
13,13,1,,,,,,,,,,,,,,,,,1
14,14,1,,,,,,,,,,,,,,,,,1
15,15,1,,,,,,,,,,,,,,,,,1
16,16,1,,,,,,,,,,,,,,,,,1
17,17,1,,,,,,,,,,,,,,,,,1
18,18,1,,,,,,,,,,,,,,,,,1
19,19,1,,,,,,,,,,,,,,,,,1
20,20,1,,,,,,,,,,,,,,,,,1
21,21,1,,,,,,,,,,,,,,,,,1
22,22,1,,,,,,,,,,,,,,,,,1
23,23,1,,,,,,,,,,,,,,,,,1
24,24,1,,,,,,,,,,,,,,,,,1
25,25,1,,,,,,,,,,,,,,,,,1
26,26,1,,,,,,,,,,,,,,,,,1
27,27,1,,,,,,,,,,,,,,,,,1
28,28,1,,,,,,,,,,,,,,,,,1
29,29,1,,,,,,,,,,,,,,,,,1
30,30,1,,,,,,,,,,,,,,,,,1
31,31,1,,,,,,,,,,,,,,,,,1
32,32,1,,,,,,,,,,,,,,,,,1
33,33,1,,,,,,,,,,,,,,,,,1
34,34,1,,,,,,,,,,,,,,,,,1
35,35,1,,,,,,,,,,,,,,,,,1
36,36,1,,,,,,,,,,,,,,,,,1
37,37,1,,,,,,,,,,,,,,,,,1
38,38,1,,,,,,,,,,,,,,,,,1
39,39,1,,,,,,,,,,,,,,,,,1
40,40,1,,,,,,,,,,,,,,,,,1
41,41,1,,,,,,,,,,,,,,,,,1
42,42,1,,,,,,,,,,,,,,,,,1
43,43,1,,,,,,,,,,,,,,,,,1
44,44,1,,,,,,,,,,,,,,,,,1
45,45,1,,,,,,,,,,,,,,,,,1
46,46,1,,,,,,,,,,,,,,,,,1
47,47,1,,,,,,,,,,,,,,,,,1
48,48,1,,,,,,,,,,,,,,,,,1
49,49,1,,,,,,,,,,,,,,,,,1
50,50,1,,,,,,,,,,,,,,,,,1
51,51,1,,,,,,,,,,,,,,,,,1
52,52,1,,,,,,,,,,,,,,,,,1
53,53,1,,,,,,,,,,,,,,,,,1
54,54,1,,,,,,,,,,,,,,,,,1
55,55,1,,,,,,,,,,,,,,,,,1
56,56,1,,,,,,,,,,,,,,,,,1
57,57,1,,,,,,,,,,,,,,,,,1
58,58,1,,,,,,,,,,,,,,,,,1
59,59,1,,,,,,,,,,,,,,,,,1
60,60,1,,,,,,,,,,,,,,,,,1
61,61,1,,,,,,,,,,,,,,,,,1
62,62,1,,,,,,,,,,,,,,,,,1
63,63,1,,,,,,,,,,,,,,,,,1
64,64,1,,,,,,,,,,,,,,,,,1
65,65,1,,,,,,,,,,,,,,,,,1
66,66,1,,,,,,,,,,,,,,,,,1
67,67,1,,,,,,,,,,,,,,,,,1
68,68,1,,,,,,,,,,,,,,,,,1
69,69,1,,,,,,,,,,,,,,,,,1
70,70,1,,,,,,,,,,,,,,,,,1
71,71,1,,,,,,,,,,,,,,,,,1
72,72,1,,,,,,,,,,,,,,,,,1
73,73,1,,,,,,,,,,,,,,,,,1
74,74,1,,,,,,,,,,,,,,,,,1
75,75,1,,,,,,,,,,,,,,,,,1
76,76,1,,,,,,,,,,,,,,,,,1
77,77,1,,,,,,,,,,,,,,,,,1
78,78,1,,,,,,,,,,,,,,,,,1
79,79,1,,,,,,,,,,,,,,,,,1
80,80,1,,,,,,,,,,,,,,,,,1
81,81,1,,,,,,,,,,,,,,,,,1
82,82,1,,,,,,,,,,,,,,,,,1
83,83,1,,,,,,,,,,,,,,,,,1
84,84,1,,,,,,,,,,,,,,,,,1
85,85,1,,,,,,,,,,,,,,,,,1
86,86,1,,,,,,,,,,,,,,,,,1
87,87,1,,,,,,,,,,,,,,,,,1
88,88,1,,,,,,,,,,,,,,,,,1
89,89,1,,,,,,,,,,,,,,,,,1
90,90,1,,,,,,,,,,,,,,,,,1
91,91,1,,,,,,,,,,,,,,,,,1
92,92,1,,,,,,,,,,,,,,,,,1
93,93,1,,,,,,,,,,,,,,,,,1
94,94,1,,,,,,,,,,,,,,,,,1
95,95,1,,,,,,,,,,,,,,,,,1
96,96,1,,,,,,,,,,,,,,,,,1
97,97,1,,,,,,,,,,,,,,,,,1
98,98,1,,,,,,,,,,,,,,,,,1
99,99,1,,,,,,,,,,,,,,,,,1
100,100,1,,,,,,,,,,,,,,,,,1
101,101,1,,,,,,,,,,,,,,,,,1
102,102,1,,,,,,,,,,,,,,,,,1
103,103,1,,,,,,,,,,,,,,,,,1
104,104,1,,,,,,,,,,,,,,,,,1
105,105,1,,,,,,,,,,,,,,,,,1
106,106,1,,,,,,,,,,,,,,,,,1
107,107,1,,,,,,,,,,,,,,,,,1
108,108,1,,,,,,,,,,,,,,,,,1
109,109,1,,,,,,,,,,,,,,,,,1
110,110,1,,,,,,,,,,,,,,,,,1
111,111,1,,,,,,,,,,,,,,,,,1
112,112,1,,,,,,,,,,,,,,,,,1
113,113,1,,,,,,,,,,,,,,,,,1
114,114,1,,,,,,,,,,,,,,,,,1
115,115,1,,,,,,,,,,,,,,,,,1
116,116,1,,,,,,,,,,,,,,,,,1
117,117,1,,,,,,,,,,,,,,,,,1
118,118,1,,,,,,,,,,,,,,,,,1
119,119,1,,,,,,,,,,,,,,,,,1
120,120,1,,,,,,,,,,,,,,,,,1
121,121,1,,,,,,,,,,,,,,,,,1
122,122,1,,,,,,,,,,,,,,,,,1
123,123,1,,,,,,,,,,,,,,,,,1
124,124,1,,,,,,,,,,,,,,,,,1
125,125,1,,,,,,,,,,,,,,,,,1
126,126,1,,,,,,,,,,,,,,,,,1
127,127,1,,,,,,,,,,,,,,,,,1
128,128,1,,,,,,,,,,,,,,,,,1
129,129,1,,,,,,,,,,,,,,,,,1
130,130,1,,,,,,,,,,,,,,,,,1
131,131,1,,,,,,,,,,,,,,,,,1
132,132,1,,,,,,,,,,,,,,,,,1
133,133,1,,,,,,,,,,,,,,,,,1
134,134,1,,,,,,,,,,,,,,,,,1
135,135,1,,,,,,,,,,,,,,,,,1
136,136,1,,,,,,,,,,,,,,,,,1
137,137,1,,,,,,,,,,,,,,,,,1
138,138,1,,,,,,,,,,,,,,,,,1
139,139,1,,,,,,,,,,,,,,,,,1
140,140,1,,,,,,,,,,,,,,,,,1
141,141,1,,,,,,,,,,,,,,,,,1
142,142,1,,,,,,,,,,,,,,,,,1
143,143,1,,,,,,,,,,,,,,,,,1
144,144,1,,,,,,,,,,,,,,,,,1
145,145,1,,,,,,,,,,,,,,,,,1
146,146,1,,,,,,,,,,,,,,,,,1
147,147,1,,,,,,,,,,,,,,,,,1
148,148,1,,,,,,,,,,,,,,,,,1
149,149,1,,,,,,,,,,,,,,,,,1
150,150,1,,,,,,,,,,,,,,,,,1
151,151,1,,,,,,,,,,,,,,,,,1
152,152,1,,,,,,,,,,,,,,,,,1
153,153,1,,,,,,,,,,,,,,,,,1
154,154,1,,,,,,,,,,,,,,,,,1
155,155,1,,,,,,,,,,,,,,,,,1
156,156,1,,,,,,,,,,,,,,,,,1
157,157,1,,,,,,,,,,,,,,,,,1
158,158,1,,,,,,,,,,,,,,,,,1
159,159,1,,,,,,,,,,,,,,,,,1
160,160,1,1.0,1.0,1.0,1.0,1.0,1.0,1.0,1.0,1.0,1.0,1.0,1.0,1.0,1.0,1.0,1.0,2
161,161,1,1.0,1.0,1.0,1.0,1.0,1.0,1.0,1.0,1.0,1.0,1.0,1.0,1.0,1.0,1.0,1.0,2
162,162,1,1.0,1.0,1.0,1.0,1.0,1.0,1.0,1.0,1.0,1.0,1.0,1.0,1.0,1.0,1.0,1.0,2
163,163,1,1.0,1.0,1.0,1.0,1.0,1.0,1.0,1.0,1.0,1.0,1.0,1.0,1.0,1.0,1.0,1.0,2
164,164,1,1.0,1.0,1.0,1.0,1.0,1.0,1.0,1.0,1.0,1.0,1.0,1.0,1.0,1.0,1.0,1.0,2
165,165,1,1.0,1.0,1.0,1.0,1.0,1.0,1.0,1.0,1.0,1.0,1.0,1.0,1.0,1.0,1.0,1.0,2
166,166,1,1.0,1.0,1.0,1.0,1.0,1.0,1.0,1.0,1.0,1.0,1.0,1.0,1.0,1.0,1.0,1.0,2
167,167,1,,,,,,,,,,,,,,,,,3
168,168,1,1.0,1.0,1.0,1.0,1.0,1.0,1.0,1.0,1.0,1.0,1.0,1.0,1.0,1.0,1.0,1.0,4
169,169,1,1.0,1.0,1.0,1.0,1.0,1.0,1.0,1.0,1.0,1.0,1.0,1.0,1.0,1.0,1.0,1.0,4
170,170,1,1.0,1.0,1.0,1.0,1.0,1.0,1.0,1.0,1.0,1.0,1.0,1.0,1.0,1.0,1.0,1.0,4
171,171,1,1.0,1.0,1.0,1.0,1.0,1.0,1.0,1.0,1.0,1.0,1.0,1.0,1.0,1.0,1.0,1.0,4
172,172,1,1.0,1.0,1.0,1.0,1.0,1.0,1.0,1.0,1.0,1.0,1.0,1.0,1.0,1.0,1.0,1.0,4
173,173,1,1.0,1.0,1.0,1.0,1.0,1.0,1.0,1.0,1.0,1.0,1.0,1.0,1.0,1.0,1.0,1.0,4
174,174,1,2.0,2.0,2.0,2.0,2.0,2.0,2.0,1.0,1.0,1.0,1.0,1.0,1.0,1.0,1.0,1.0,5
175,175,1,2.0,2.0,2.0,2.0,2.0,2.0,2.0,2.0,2.0,2.0,2.0,2.0,1.0,1.0,1.0,1.0,6
176,176,1,2.0,2.0,2.0,2.0,2.0,2.0,2.0,2.0,2.0,2.0,2.0,2.0,1.0,1.0,1.0,1.0,6
177,177,1,2.0,2.0,2.0,2.0,2.0,2.0,2.0,2.0,2.0,2.0,2.0,2.0,1.0,1.0,1.0,1.0,6
178,178,1,2.0,2.0,2.0,2.0,2.0,2.0,2.0,2.0,2.0,2.0,2.0,2.0,1.0,1.0,1.0,1.0,6
179,179,1,2.0,2.0,2.0,2.0,2.0,2.0,2.0,2.0,2.0,2.0,2.0,2.0,1.0,1.0,1.0,1.0,6
180,180,1,3.0,3.0,3.0,3.0,3.0,3.0,3.0,2.0,2.0,2.0,2.0,2.0,1.0,1.0,1.0,1.0,7
181,181,1,3.0,3.0,3.0,3.0,3.0,3.0,3.0,2.0,2.0,2.0,2.0,2.0,1.0,1.0,1.0,1.0,7
182,182,1,3.0,3.0,3.0,3.0,3.0,3.0,3.0,2.0,2.0,2.0,2.0,2.0,1.0,1.0,1.0,1.0,7
183,183,1,3.0,3.0,3.0,3.0,3.0,3.0,3.0,2.0,2.0,2.0,2.0,2.0,1.0,1.0,1.0,1.0,7
184,184,1,3.0,3.0,3.0,3.0,3.0,3.0,3.0,2.0,2.0,2.0,2.0,2.0,1.0,1.0,1.0,1.0,7
185,185,1,3.0,3.0,3.0,3.0,3.0,3.0,3.0,2.0,2.0,2.0,2.0,2.0,1.0,1.0,1.0,1.0,7
186,186,1,3.0,3.0,3.0,3.0,3.0,3.0,3.0,2.0,2.0,2.0,2.0,2.0,1.0,1.0,1.0,1.0,7
187,187,1,4.0,4.0,4.0,4.0,4.0,4.0,4.0,3.0,3.0,3.0,3.0,1.0,1.0,1.0,1.0,1.0,8
188,188,1,4.0,4.0,4.0,4.0,4.0,4.0,4.0,3.0,3.0,3.0,3.0,1.0,1.0,1.0,1.0,1.0,8
189,189,1,5.0,5.0,5.0,5.0,5.0,5.0,5.0,4.0,4.0,4.0,3.0,3.0,2.0,2.0,1.0,1.0,9
190,190,1,5.0,5.0,5.0,5.0,5.0,5.0,5.0,4.0,4.0,4.0,3.0,3.0,2.0,2.0,1.0,1.0,9
191,191,1,5.0,5.0,5.0,5.0,5.0,5.0,5.0,4.0,4.0,4.0,3.0,3.0,2.0,2.0,1.0,1.0,9
192,192,1,5.0,5.0,5.0,5.0,5.0,5.0,5.0,4.0,4.0,4.0,3.0,3.0,2.0,2.0,1.0,1.0,9
193,193,1,5.0,5.0,5.0,5.0,5.0,5.0,5.0,4.0,4.0,4.0,3.0,3.0,2.0,2.0,1.0,1.0,9
194,194,1,5.0,5.0,5.0,5.0,5.0,5.0,5.0,4.0,4.0,4.0,3.0,3.0,2.0,2.0,1.0,1.0,9
195,195,1,5.0,5.0,5.0,5.0,5.0,5.0,5.0,4.0,4.0,4.0,3.0,3.0,2.0,2.0,1.0,1.0,9
196,196,1,5.0,5.0,5.0,5.0,5.0,5.0,5.0,4.0,4.0,4.0,3.0,3.0,2.0,2.0,1.0,1.0,9
197,197,1,6.0,6.0,6.0,6.0,6.0,6.0,5.0,5.0,5.0,5.0,4.0,3.0,2.0,2.0,1.0,1.0,10
198,198,1,6.0,6.0,6.0,6.0,6.0,6.0,5.0,5.0,5.0,5.0,4.0,3.0,2.0,2.0,1.0,1.0,10
199,199,1,7.0,7.0,6.0,6.0,6.0,6.0,5.0,5.0,5.0,5.0,4.0,3.0,2.0,2.0,1.0,1.0,11
200,200,1,7.0,7.0,6.0,6.0,6.0,6.0,5.0,5.0,5.0,5.0,4.0,3.0,2.0,2.0,1.0,1.0,11
201,201,1,7.0,7.0,6.0,6.0,6.0,6.0,6.0,5.0,5.0,5.0,4.0,3.0,2.0,2.0,1.0,1.0,12
202,202,1,7.0,7.0,6.0,6.0,6.0,6.0,6.0,5.0,5.0,5.0,4.0,3.0,2.0,2.0,1.0,1.0,12
203,203,1,4.0,4.0,4.0,4.0,4.0,4.0,4.0,3.0,3.0,3.0,3.0,1.0,1.0,2.0,1.0,1.0,13
204,204,1,8.0,8.0,7.0,7.0,7.0,7.0,3.0,6.0,6.0,6.0,5.0,2.0,1.0,2.0,1.0,1.0,14
205,205,1,4.0,4.0,4.0,4.0,4.0,4.0,4.0,3.0,3.0,3.0,3.0,1.0,1.0,1.0,1.0,1.0,15
206,206,1,4.0,4.0,4.0,4.0,4.0,4.0,4.0,3.0,3.0,3.0,3.0,1.0,1.0,1.0,1.0,1.0,15
207,207,1,7.0,7.0,6.0,6.0,6.0,6.0,6.0,5.0,5.0,5.0,4.0,3.0,2.0,2.0,1.0,1.0,16
208,208,1,7.0,7.0,6.0,6.0,6.0,6.0,6.0,5.0,5.0,5.0,4.0,3.0,2.0,2.0,1.0,1.0,16
209,209,1,7.0,7.0,6.0,6.0,6.0,6.0,6.0,5.0,5.0,5.0,4.0,3.0,2.0,2.0,1.0,1.0,16
210,210,1,7.0,7.0,6.0,6.0,6.0,6.0,6.0,5.0,5.0,5.0,4.0,3.0,2.0,2.0,1.0,1.0,16
211,211,1,7.0,7.0,6.0,6.0,6.0,6.0,6.0,5.0,5.0,5.0,4.0,3.0,2.0,2.0,1.0,1.0,16
212,212,1,9.0,8.0,8.0,8.0,8.0,7.0,3.0,6.0,6.0,6.0,5.0,2.0,2.0,2.0,1.0,1.0,17
213,213,1,9.0,8.0,8.0,8.0,8.0,7.0,3.0,6.0,6.0,6.0,5.0,2.0,2.0,2.0,1.0,1.0,17
214,214,1,9.0,9.0,8.0,8.0,8.0,7.0,3.0,6.0,6.0,6.0,5.0,2.0,2.0,2.0,1.0,1.0,18
215,215,1,4.0,4.0,4.0,4.0,4.0,4.0,4.0,3.0,3.0,3.0,3.0,1.0,1.0,1.0,1.0,1.0,19
216,216,1,4.0,4.0,4.0,4.0,4.0,4.0,4.0,3.0,3.0,3.0,3.0,1.0,1.0,1.0,1.0,1.0,19
217,217,1,8.0,8.0,7.0,7.0,7.0,7.0,3.0,6.0,6.0,6.0,5.0,2.0,1.0,2.0,1.0,1.0,20
218,218,1,8.0,8.0,7.0,7.0,7.0,7.0,3.0,6.0,6.0,6.0,5.0,2.0,1.0,2.0,1.0,1.0,20
219,219,1,8.0,8.0,7.0,7.0,7.0,7.0,3.0,6.0,6.0,6.0,5.0,2.0,2.0,2.0,1.0,1.0,21
220,220,1,10.0,10.0,9.0,9.0,9.0,8.0,7.0,7.0,7.0,7.0,6.0,4.0,3.0,2.0,1.0,1.0,22
221,221,1,10.0,10.0,9.0,9.0,9.0,8.0,7.0,7.0,7.0,7.0,6.0,4.0,3.0,2.0,1.0,1.0,22
222,222,1,10.0,10.0,9.0,9.0,9.0,8.0,7.0,7.0,7.0,7.0,6.0,4.0,3.0,2.0,1.0,1.0,22
223,223,1,11.0,11.0,10.0,10.0,10.0,9.0,8.0,8.0,8.0,8.0,7.0,4.0,3.0,2.0,1.0,1.0,23
224,224,1,11.0,11.0,10.0,10.0,10.0,9.0,8.0,8.0,8.0,8.0,7.0,4.0,3.0,2.0,1.0,1.0,23
225,225,1,11.0,11.0,10.0,10.0,10.0,9.0,8.0,8.0,8.0,8.0,7.0,4.0,3.0,2.0,1.0,1.0,23
226,226,1,11.0,11.0,10.0,10.0,10.0,9.0,8.0,8.0,8.0,8.0,7.0,4.0,3.0,2.0,1.0,1.0,23
227,227,1,11.0,11.0,10.0,10.0,10.0,9.0,8.0,8.0,8.0,8.0,7.0,4.0,3.0,2.0,1.0,1.0,23
228,228,1,11.0,11.0,10.0,10.0,10.0,9.0,8.0,8.0,8.0,8.0,7.0,4.0,3.0,2.0,1.0,1.0,23
229,229,1,11.0,11.0,10.0,10.0,10.0,9.0,8.0,8.0,8.0,8.0,7.0,4.0,3.0,2.0,1.0,1.0,23
230,230,1,11.0,11.0,10.0,10.0,10.0,9.0,8.0,8.0,8.0,8.0,7.0,4.0,3.0,2.0,1.0,1.0,23
231,231,1,11.0,11.0,10.0,10.0,10.0,9.0,8.0,8.0,8.0,8.0,7.0,4.0,3.0,2.0,1.0,1.0,23
232,232,1,11.0,11.0,10.0,10.0,10.0,9.0,8.0,8.0,8.0,8.0,7.0,4.0,3.0,2.0,1.0,1.0,23
233,233,1,11.0,11.0,10.0,10.0,10.0,9.0,8.0,8.0,8.0,8.0,7.0,4.0,3.0,2.0,1.0,1.0,23
234,234,1,11.0,11.0,10.0,10.0,10.0,9.0,8.0,8.0,8.0,8.0,7.0,4.0,3.0,2.0,1.0,1.0,23
235,235,1,10.0,11.0,10.0,10.0,10.0,9.0,8.0,8.0,8.0,8.0,7.0,4.0,3.0,2.0,1.0,1.0,24
236,236,1,10.0,11.0,10.0,10.0,10.0,9.0,8.0,8.0,8.0,8.0,7.0,4.0,3.0,2.0,1.0,1.0,24
237,237,1,10.0,11.0,10.0,10.0,10.0,9.0,8.0,8.0,8.0,8.0,7.0,4.0,3.0,2.0,1.0,1.0,24
238,238,1,9.0,6.0,8.0,11.0,8.0,10.0,9.0,9.0,7.0,7.0,6.0,4.0,3.0,2.0,1.0,1.0,25
239,239,1,9.0,6.0,8.0,11.0,8.0,10.0,9.0,9.0,7.0,7.0,6.0,4.0,3.0,2.0,1.0,1.0,25
240,240,1,9.0,6.0,8.0,11.0,8.0,10.0,9.0,9.0,7.0,7.0,6.0,4.0,3.0,2.0,1.0,1.0,25
241,241,1,9.0,6.0,8.0,11.0,8.0,10.0,9.0,9.0,7.0,7.0,6.0,4.0,3.0,2.0,1.0,1.0,25
242,242,1,12.0,12.0,11.0,12.0,11.0,11.0,10.0,10.0,9.0,9.0,8.0,5.0,2.0,2.0,1.0,1.0,26
243,243,1,12.0,12.0,11.0,12.0,11.0,11.0,10.0,10.0,9.0,9.0,8.0,5.0,2.0,2.0,1.0,1.0,26
244,244,1,12.0,12.0,11.0,12.0,11.0,11.0,10.0,10.0,9.0,9.0,8.0,5.0,2.0,2.0,1.0,1.0,26
245,245,1,12.0,12.0,11.0,12.0,11.0,11.0,10.0,10.0,9.0,9.0,8.0,5.0,2.0,2.0,1.0,1.0,26
246,246,1,12.0,12.0,11.0,12.0,11.0,11.0,10.0,10.0,9.0,9.0,8.0,5.0,2.0,2.0,1.0,1.0,26
247,247,1,3.0,12.0,11.0,12.0,11.0,11.0,10.0,10.0,9.0,9.0,8.0,5.0,2.0,2.0,1.0,1.0,27
248,248,1,3.0,12.0,11.0,12.0,11.0,11.0,10.0,10.0,9.0,9.0,8.0,5.0,2.0,2.0,1.0,1.0,27
249,249,1,3.0,12.0,11.0,12.0,11.0,11.0,10.0,10.0,9.0,9.0,8.0,5.0,2.0,2.0,1.0,1.0,27
250,250,1,5.0,4.0,4.0,5.0,4.0,4.0,5.0,3.0,3.0,3.0,3.0,3.0,1.0,1.0,1.0,1.0,28
251,251,1,5.0,4.0,4.0,5.0,4.0,4.0,5.0,3.0,3.0,3.0,3.0,3.0,1.0,1.0,1.0,1.0,28
252,252,1,5.0,4.0,4.0,5.0,4.0,4.0,5.0,3.0,3.0,3.0,3.0,3.0,1.0,1.0,1.0,1.0,28
253,253,1,4.0,5.0,5.0,5.0,5.0,5.0,4.0,4.0,4.0,4.0,3.0,3.0,1.0,1.0,1.0,1.0,29
254,254,1,4.0,5.0,5.0,4.0,5.0,5.0,4.0,4.0,4.0,4.0,3.0,3.0,1.0,1.0,1.0,1.0,30
255,255,1,4.0,5.0,5.0,5.0,5.0,5.0,4.0,4.0,4.0,4.0,3.0,3.0,1.0,1.0,1.0,1.0,31
256,256,1,4.0,5.0,5.0,5.0,5.0,5.0,4.0,4.0,4.0,4.0,3.0,3.0,1.0,1.0,1.0,1.0,31
257,257,1,13.0,13.0,3.0,13.0,2.0,5.0,4.0,4.0,4.0,4.0,2.0,3.0,1.0,1.0,1.0,1.0,32
258,258,1,13.0,13.0,3.0,13.0,2.0,3.0,11.0,2.0,2.0,2.0,2.0,3.0,1.0,1.0,1.0,1.0,33
259,259,1,13.0,13.0,3.0,13.0,2.0,3.0,11.0,2.0,2.0,2.0,2.0,3.0,1.0,1.0,1.0,1.0,33
260,260,1,13.0,13.0,3.0,13.0,2.0,3.0,11.0,2.0,2.0,2.0,2.0,3.0,1.0,1.0,1.0,1.0,33
261,261,1,13.0,13.0,3.0,13.0,2.0,3.0,11.0,2.0,2.0,2.0,2.0,3.0,1.0,1.0,1.0,1.0,33
262,262,1,4.0,5.0,5.0,5.0,5.0,5.0,4.0,4.0,4.0,4.0,3.0,3.0,1.0,1.0,1.0,1.0,34
263,263,1,4.0,5.0,5.0,5.0,5.0,5.0,4.0,4.0,4.0,4.0,3.0,3.0,1.0,1.0,1.0,1.0,34
264,264,1,4.0,5.0,5.0,5.0,5.0,5.0,4.0,4.0,4.0,4.0,3.0,3.0,1.0,1.0,1.0,1.0,34
265,265,1,4.0,5.0,5.0,5.0,5.0,5.0,4.0,4.0,4.0,4.0,3.0,3.0,1.0,1.0,1.0,1.0,34
266,266,1,4.0,5.0,5.0,5.0,5.0,5.0,4.0,4.0,4.0,4.0,3.0,3.0,1.0,1.0,1.0,1.0,34
267,267,1,13.0,13.0,3.0,13.0,2.0,5.0,4.0,4.0,4.0,4.0,3.0,3.0,1.0,1.0,1.0,1.0,35
268,268,1,14.0,14.0,12.0,14.0,12.0,12.0,12.0,11.0,2.0,10.0,2.0,2.0,1.0,1.0,1.0,1.0,36
269,269,1,14.0,14.0,12.0,14.0,12.0,12.0,12.0,11.0,2.0,10.0,2.0,2.0,1.0,1.0,1.0,1.0,36
270,270,1,14.0,14.0,12.0,14.0,12.0,12.0,12.0,11.0,2.0,10.0,2.0,2.0,1.0,1.0,1.0,1.0,36
271,271,1,1.0,1.0,1.0,1.0,1.0,1.0,1.0,1.0,1.0,1.0,1.0,1.0,1.0,1.0,1.0,1.0,37
272,272,1,1.0,1.0,1.0,1.0,1.0,1.0,1.0,1.0,1.0,1.0,1.0,1.0,1.0,1.0,1.0,1.0,37
273,273,1,1.0,1.0,1.0,1.0,1.0,1.0,1.0,1.0,1.0,1.0,1.0,1.0,1.0,1.0,1.0,1.0,37
274,274,1,1.0,1.0,1.0,1.0,1.0,1.0,1.0,1.0,1.0,1.0,1.0,1.0,1.0,1.0,1.0,1.0,37
275,275,1,1.0,1.0,1.0,1.0,1.0,1.0,1.0,1.0,1.0,1.0,1.0,1.0,1.0,1.0,1.0,1.0,37
276,276,1,1.0,1.0,1.0,1.0,1.0,1.0,1.0,1.0,1.0,1.0,1.0,1.0,1.0,1.0,1.0,1.0,37
277,277,1,1.0,1.0,1.0,1.0,1.0,1.0,1.0,1.0,1.0,1.0,1.0,1.0,1.0,1.0,1.0,1.0,37
278,278,1,1.0,1.0,1.0,1.0,1.0,1.0,1.0,1.0,1.0,1.0,1.0,1.0,1.0,1.0,1.0,1.0,37
279,279,1,1.0,1.0,1.0,1.0,1.0,1.0,1.0,1.0,1.0,1.0,1.0,1.0,1.0,1.0,1.0,1.0,37
280,280,1,1.0,1.0,1.0,1.0,1.0,1.0,1.0,1.0,1.0,1.0,1.0,1.0,1.0,1.0,1.0,1.0,37
281,281,1,1.0,1.0,1.0,1.0,1.0,1.0,1.0,1.0,1.0,1.0,1.0,1.0,1.0,1.0,1.0,1.0,37
282,282,1,14.0,14.0,12.0,14.0,12.0,12.0,12.0,11.0,2.0,10.0,2.0,2.0,1.0,1.0,1.0,1.0,38
283,283,1,14.0,14.0,12.0,14.0,12.0,12.0,12.0,11.0,2.0,10.0,2.0,2.0,1.0,1.0,1.0,1.0,38
284,284,1,15.0,5.0,1.0,14.0,1.0,1.0,1.0,11.0,1.0,1.0,1.0,1.0,1.0,1.0,1.0,1.0,39
285,285,1,1.0,1.0,1.0,1.0,1.0,1.0,1.0,1.0,1.0,1.0,1.0,1.0,1.0,1.0,1.0,1.0,40
286,286,1,4.0,5.0,1.0,1.0,1.0,1.0,1.0,1.0,1.0,1.0,1.0,1.0,1.0,1.0,1.0,1.0,41
287,287,1,1.0,1.0,1.0,1.0,1.0,1.0,1.0,1.0,1.0,1.0,1.0,1.0,1.0,1.0,1.0,1.0,42
288,288,1,1.0,1.0,1.0,1.0,1.0,1.0,1.0,1.0,1.0,1.0,1.0,1.0,1.0,1.0,1.0,1.0,42
289,289,1,15.0,5.0,1.0,14.0,1.0,1.0,1.0,11.0,1.0,1.0,1.0,1.0,1.0,1.0,1.0,1.0,43
290,290,1,14.0,14.0,12.0,14.0,12.0,12.0,12.0,11.0,2.0,10.0,2.0,2.0,1.0,1.0,1.0,1.0,44
291,291,1,14.0,14.0,12.0,14.0,12.0,12.0,12.0,11.0,2.0,10.0,2.0,2.0,1.0,1.0,1.0,1.0,44
292,292,1,14.0,14.0,12.0,14.0,12.0,12.0,12.0,11.0,2.0,10.0,2.0,2.0,1.0,1.0,1.0,1.0,44
293,293,1,14.0,14.0,12.0,14.0,12.0,12.0,12.0,11.0,2.0,10.0,2.0,2.0,1.0,1.0,1.0,1.0,44
294,294,1,14.0,14.0,12.0,14.0,12.0,12.0,12.0,11.0,2.0,10.0,2.0,2.0,1.0,1.0,1.0,1.0,44
295,295,1,14.0,14.0,12.0,14.0,12.0,12.0,12.0,11.0,2.0,10.0,2.0,2.0,1.0,1.0,1.0,1.0,44
296,296,1,14.0,14.0,12.0,14.0,12.0,12.0,12.0,11.0,2.0,10.0,2.0,2.0,1.0,1.0,1.0,1.0,44
297,297,1,16.0,15.0,13.0,6.0,13.0,13.0,13.0,12.0,10.0,5.0,9.0,6.0,2.0,2.0,1.0,1.0,45
298,298,1,16.0,15.0,13.0,6.0,13.0,13.0,13.0,12.0,10.0,5.0,9.0,6.0,2.0,2.0,1.0,1.0,45
299,299,1,16.0,15.0,13.0,6.0,13.0,13.0,13.0,12.0,10.0,5.0,9.0,6.0,2.0,2.0,1.0,1.0,45
300,300,1,17.0,15.0,13.0,6.0,13.0,13.0,13.0,12.0,10.0,5.0,9.0,6.0,2.0,2.0,1.0,1.0,46
301,301,1,17.0,15.0,13.0,6.0,13.0,13.0,13.0,12.0,10.0,5.0,9.0,6.0,2.0,2.0,1.0,1.0,46
302,302,1,17.0,15.0,13.0,6.0,13.0,13.0,13.0,12.0,10.0,5.0,9.0,6.0,2.0,2.0,1.0,1.0,46
303,303,1,17.0,15.0,13.0,6.0,13.0,13.0,13.0,12.0,10.0,5.0,9.0,6.0,2.0,2.0,1.0,1.0,46
304,304,1,17.0,15.0,13.0,6.0,13.0,13.0,13.0,12.0,10.0,5.0,9.0,6.0,2.0,2.0,1.0,1.0,46
305,305,1,16.0,15.0,13.0,6.0,13.0,13.0,13.0,12.0,10.0,5.0,9.0,6.0,2.0,2.0,1.0,1.0,47
306,306,1,16.0,15.0,13.0,6.0,13.0,13.0,13.0,12.0,10.0,5.0,9.0,6.0,2.0,2.0,1.0,1.0,47
307,307,1,16.0,15.0,13.0,6.0,13.0,13.0,13.0,12.0,10.0,5.0,9.0,6.0,2.0,2.0,1.0,1.0,47
308,308,1,16.0,15.0,13.0,6.0,13.0,13.0,13.0,12.0,10.0,5.0,9.0,6.0,2.0,2.0,1.0,1.0,47
309,309,1,5.0,6.0,6.0,8.0,3.0,4.0,5.0,5.0,5.0,2.0,4.0,6.0,2.0,2.0,1.0,1.0,48
310,310,1,5.0,6.0,6.0,8.0,3.0,4.0,5.0,5.0,5.0,2.0,4.0,6.0,2.0,2.0,1.0,1.0,48
311,311,1,5.0,6.0,6.0,8.0,3.0,4.0,5.0,5.0,5.0,2.0,4.0,6.0,2.0,2.0,1.0,1.0,48
312,312,1,5.0,6.0,6.0,8.0,3.0,4.0,5.0,5.0,5.0,2.0,4.0,6.0,2.0,2.0,1.0,1.0,48
313,313,1,5.0,6.0,6.0,8.0,3.0,4.0,5.0,5.0,5.0,2.0,4.0,6.0,2.0,2.0,1.0,1.0,48
314,314,1,5.0,6.0,6.0,8.0,3.0,4.0,5.0,5.0,5.0,2.0,4.0,6.0,2.0,2.0,1.0,1.0,48
315,315,1,5.0,6.0,6.0,8.0,3.0,4.0,5.0,5.0,5.0,2.0,4.0,6.0,2.0,2.0,1.0,1.0,48
316,316,1,5.0,6.0,6.0,8.0,3.0,4.0,5.0,5.0,5.0,2.0,4.0,6.0,2.0,2.0,1.0,1.0,48
317,317,1,7.0,8.0,9.0,3.0,6.0,7.0,3.0,6.0,2.0,11.0,8.0,2.0,2.0,2.0,1.0,1.0,49
318,318,1,7.0,8.0,9.0,3.0,6.0,7.0,3.0,6.0,2.0,11.0,8.0,2.0,2.0,2.0,1.0,1.0,49
319,319,1,7.0,8.0,9.0,3.0,6.0,7.0,3.0,6.0,2.0,11.0,8.0,2.0,2.0,2.0,1.0,1.0,49
320,320,1,7.0,8.0,9.0,3.0,6.0,7.0,3.0,6.0,2.0,11.0,8.0,2.0,2.0,2.0,1.0,1.0,49
321,321,1,7.0,8.0,9.0,3.0,6.0,7.0,3.0,6.0,2.0,11.0,8.0,2.0,2.0,2.0,1.0,1.0,49
322,322,1,7.0,8.0,9.0,3.0,6.0,7.0,3.0,6.0,2.0,11.0,8.0,2.0,2.0,2.0,1.0,1.0,49
323,323,1,7.0,8.0,9.0,3.0,6.0,7.0,3.0,6.0,2.0,11.0,8.0,2.0,2.0,2.0,1.0,1.0,49
324,324,1,4.0,5.0,5.0,5.0,5.0,5.0,2.0,4.0,4.0,4.0,3.0,3.0,1.0,1.0,1.0,1.0,50
325,325,1,4.0,5.0,5.0,5.0,5.0,5.0,2.0,4.0,4.0,4.0,3.0,3.0,1.0,1.0,1.0,1.0,50
326,326,1,4.0,5.0,5.0,5.0,5.0,5.0,2.0,4.0,4.0,4.0,3.0,3.0,1.0,1.0,1.0,1.0,50
327,327,1,4.0,5.0,5.0,5.0,5.0,5.0,2.0,4.0,4.0,4.0,3.0,3.0,1.0,1.0,1.0,1.0,50
328,328,1,4.0,5.0,5.0,5.0,5.0,5.0,2.0,4.0,4.0,4.0,3.0,3.0,1.0,1.0,1.0,1.0,50
329,329,1,1.0,1.0,1.0,1.0,1.0,1.0,1.0,1.0,1.0,1.0,1.0,1.0,1.0,1.0,1.0,1.0,51
330,330,1,1.0,1.0,1.0,1.0,1.0,1.0,1.0,1.0,1.0,1.0,1.0,1.0,1.0,1.0,1.0,1.0,51
331,331,1,1.0,1.0,1.0,1.0,1.0,1.0,1.0,1.0,1.0,1.0,1.0,1.0,1.0,1.0,1.0,1.0,51
332,332,1,4.0,1.0,1.0,1.0,1.0,1.0,1.0,1.0,1.0,1.0,1.0,1.0,1.0,1.0,1.0,1.0,52
333,333,1,1.0,1.0,1.0,1.0,1.0,1.0,1.0,1.0,1.0,1.0,1.0,1.0,1.0,1.0,1.0,1.0,53
334,334,1,1.0,1.0,1.0,1.0,1.0,1.0,1.0,1.0,1.0,1.0,1.0,1.0,1.0,1.0,1.0,1.0,53
335,335,1,1.0,1.0,1.0,1.0,1.0,1.0,1.0,1.0,1.0,1.0,1.0,1.0,1.0,1.0,1.0,1.0,53
336,336,1,2.0,2.0,2.0,2.0,2.0,2.0,1.0,1.0,1.0,1.0,1.0,1.0,1.0,1.0,1.0,1.0,54
337,337,1,2.0,2.0,2.0,2.0,2.0,2.0,4.0,1.0,1.0,1.0,1.0,1.0,1.0,1.0,1.0,1.0,55
338,338,1,2.0,2.0,2.0,2.0,2.0,2.0,4.0,1.0,1.0,1.0,1.0,1.0,1.0,1.0,1.0,1.0,55
339,339,1,2.0,2.0,2.0,2.0,2.0,2.0,4.0,1.0,1.0,1.0,1.0,1.0,1.0,1.0,1.0,1.0,55
340,340,1,1.0,1.0,1.0,1.0,1.0,1.0,1.0,1.0,1.0,1.0,1.0,1.0,1.0,1.0,1.0,1.0,56
341,341,1,2.0,2.0,2.0,2.0,2.0,2.0,4.0,1.0,1.0,1.0,1.0,1.0,1.0,1.0,1.0,1.0,57
342,342,1,2.0,2.0,2.0,2.0,2.0,2.0,4.0,1.0,1.0,1.0,1.0,1.0,1.0,1.0,1.0,1.0,57
343,343,1,1.0,1.0,1.0,1.0,1.0,1.0,1.0,1.0,1.0,1.0,1.0,1.0,1.0,1.0,1.0,1.0,58
344,344,1,1.0,1.0,1.0,1.0,1.0,1.0,1.0,1.0,1.0,1.0,1.0,1.0,1.0,1.0,1.0,1.0,58
345,345,1,1.0,1.0,1.0,1.0,1.0,1.0,1.0,1.0,1.0,1.0,1.0,1.0,1.0,1.0,1.0,1.0,58
346,346,1,1.0,1.0,1.0,1.0,1.0,1.0,1.0,1.0,1.0,1.0,1.0,1.0,1.0,1.0,1.0,1.0,58
347,347,1,1.0,1.0,1.0,1.0,1.0,1.0,1.0,1.0,1.0,1.0,1.0,1.0,1.0,1.0,1.0,1.0,58
348,348,1,1.0,1.0,1.0,1.0,1.0,1.0,1.0,1.0,1.0,1.0,1.0,1.0,1.0,1.0,1.0,1.0,58
349,349,1,1.0,1.0,1.0,1.0,1.0,1.0,1.0,1.0,1.0,1.0,1.0,1.0,1.0,1.0,1.0,1.0,58
350,350,1,1.0,1.0,1.0,1.0,1.0,1.0,1.0,1.0,1.0,1.0,1.0,1.0,1.0,1.0,1.0,1.0,58
351,351,1,1.0,1.0,1.0,1.0,1.0,1.0,1.0,1.0,1.0,1.0,1.0,1.0,1.0,1.0,1.0,1.0,58
352,352,1,1.0,1.0,1.0,1.0,1.0,1.0,1.0,1.0,1.0,1.0,1.0,1.0,1.0,1.0,1.0,1.0,58
353,353,1,1.0,1.0,1.0,1.0,1.0,1.0,1.0,1.0,1.0,1.0,1.0,1.0,1.0,1.0,1.0,1.0,58
354,354,1,1.0,1.0,1.0,1.0,1.0,1.0,1.0,1.0,1.0,1.0,1.0,1.0,1.0,1.0,1.0,1.0,58
355,355,1,1.0,1.0,1.0,1.0,1.0,1.0,1.0,1.0,1.0,1.0,1.0,1.0,1.0,1.0,1.0,1.0,58
356,356,1,2.0,2.0,2.0,2.0,2.0,2.0,4.0,1.0,1.0,1.0,1.0,1.0,1.0,1.0,1.0,1.0,59
357,357,1,3.0,3.0,3.0,5.0,4.0,3.0,2.0,2.0,4.0,4.0,3.0,3.0,4.0,1.0,1.0,1.0,60
358,358,1,3.0,3.0,3.0,5.0,4.0,3.0,2.0,2.0,4.0,4.0,3.0,3.0,4.0,1.0,1.0,1.0,60
359,359,1,3.0,3.0,3.0,5.0,4.0,3.0,2.0,2.0,4.0,4.0,3.0,3.0,4.0,1.0,1.0,1.0,60
360,360,1,3.0,3.0,3.0,5.0,4.0,3.0,2.0,2.0,4.0,4.0,3.0,3.0,4.0,1.0,1.0,1.0,60
361,361,1,3.0,3.0,3.0,5.0,4.0,3.0,2.0,2.0,4.0,4.0,3.0,3.0,4.0,1.0,1.0,1.0,60
362,362,1,3.0,3.0,3.0,5.0,4.0,3.0,2.0,2.0,4.0,4.0,3.0,3.0,4.0,1.0,1.0,1.0,60
363,363,1,3.0,3.0,3.0,5.0,4.0,3.0,2.0,2.0,4.0,4.0,3.0,3.0,4.0,1.0,1.0,1.0,60
364,364,1,3.0,3.0,3.0,5.0,4.0,3.0,2.0,2.0,4.0,4.0,3.0,3.0,4.0,1.0,1.0,1.0,60
365,365,1,3.0,3.0,3.0,5.0,4.0,3.0,2.0,2.0,4.0,4.0,3.0,3.0,4.0,1.0,1.0,1.0,60
366,366,1,7.0,8.0,9.0,3.0,6.0,7.0,3.0,6.0,2.0,2.0,2.0,2.0,4.0,1.0,1.0,1.0,61
367,367,1,7.0,8.0,9.0,3.0,6.0,7.0,3.0,6.0,2.0,2.0,2.0,2.0,4.0,1.0,1.0,1.0,61
368,368,1,7.0,8.0,9.0,3.0,6.0,7.0,3.0,6.0,2.0,2.0,2.0,2.0,4.0,1.0,1.0,1.0,61
369,369,1,6.0,9.0,8.0,11.0,8.0,10.0,9.0,9.0,6.0,7.0,6.0,4.0,2.0,2.0,1.0,1.0,62
370,370,1,4.0,5.0,8.0,11.0,8.0,10.0,9.0,9.0,6.0,7.0,6.0,4.0,2.0,2.0,1.0,1.0,63
371,371,1,6.0,9.0,8.0,11.0,8.0,10.0,9.0,9.0,6.0,7.0,6.0,4.0,2.0,2.0,1.0,1.0,64
372,372,1,6.0,9.0,8.0,11.0,8.0,10.0,9.0,9.0,6.0,7.0,6.0,4.0,2.0,2.0,1.0,1.0,64
373,373,1,6.0,9.0,8.0,11.0,8.0,10.0,9.0,9.0,6.0,7.0,6.0,4.0,2.0,2.0,1.0,1.0,64
374,374,1,6.0,9.0,8.0,11.0,8.0,10.0,9.0,9.0,6.0,7.0,6.0,4.0,2.0,2.0,1.0,1.0,64
375,375,1,6.0,9.0,8.0,11.0,8.0,10.0,9.0,9.0,6.0,7.0,6.0,4.0,2.0,2.0,1.0,1.0,64
376,376,1,6.0,9.0,8.0,11.0,8.0,10.0,9.0,9.0,6.0,7.0,6.0,4.0,2.0,2.0,1.0,1.0,64
377,377,1,6.0,9.0,8.0,11.0,8.0,10.0,9.0,9.0,6.0,7.0,6.0,4.0,2.0,2.0,1.0,1.0,64
378,378,1,6.0,9.0,8.0,11.0,8.0,10.0,9.0,9.0,6.0,7.0,6.0,4.0,2.0,2.0,1.0,1.0,64
379,379,1,6.0,9.0,8.0,11.0,8.0,10.0,9.0,9.0,6.0,7.0,6.0,4.0,2.0,2.0,1.0,1.0,64
380,380,1,8.0,7.0,14.0,7.0,7.0,6.0,6.0,13.0,11.0,12.0,5.0,7.0,3.0,2.0,2.0,1.0,65
381,381,1,8.0,7.0,14.0,7.0,7.0,6.0,6.0,13.0,11.0,12.0,5.0,7.0,3.0,2.0,2.0,1.0,65
382,382,1,8.0,7.0,14.0,7.0,7.0,6.0,6.0,13.0,11.0,12.0,5.0,7.0,3.0,2.0,2.0,1.0,65
383,383,1,8.0,7.0,14.0,7.0,7.0,6.0,6.0,13.0,11.0,12.0,5.0,7.0,3.0,2.0,2.0,1.0,65
384,384,1,18.0,16.0,15.0,15.0,14.0,6.0,6.0,13.0,11.0,12.0,5.0,7.0,3.0,2.0,2.0,1.0,66
385,385,1,18.0,16.0,15.0,15.0,14.0,6.0,6.0,13.0,11.0,12.0,5.0,7.0,3.0,2.0,2.0,1.0,66
386,386,1,18.0,16.0,15.0,15.0,14.0,6.0,6.0,13.0,11.0,12.0,5.0,7.0,3.0,2.0,2.0,1.0,66
387,387,1,18.0,16.0,15.0,15.0,14.0,6.0,6.0,13.0,11.0,12.0,5.0,7.0,3.0,2.0,2.0,1.0,66
388,388,1,18.0,16.0,15.0,15.0,14.0,6.0,6.0,13.0,11.0,12.0,5.0,7.0,3.0,2.0,2.0,1.0,66
389,389,1,18.0,16.0,15.0,15.0,14.0,6.0,6.0,13.0,11.0,12.0,5.0,7.0,3.0,2.0,2.0,1.0,66
390,390,1,18.0,16.0,15.0,15.0,14.0,6.0,6.0,13.0,11.0,12.0,5.0,7.0,3.0,2.0,2.0,1.0,66
391,391,1,19.0,17.0,16.0,16.0,15.0,14.0,14.0,14.0,12.0,6.0,10.0,8.0,5.0,3.0,2.0,1.0,67
392,392,1,19.0,17.0,16.0,16.0,15.0,14.0,14.0,14.0,12.0,6.0,10.0,8.0,5.0,3.0,2.0,1.0,67
393,393,1,19.0,17.0,16.0,16.0,15.0,14.0,14.0,14.0,12.0,6.0,10.0,8.0,5.0,3.0,2.0,1.0,67
394,394,1,19.0,17.0,16.0,16.0,15.0,14.0,14.0,14.0,12.0,6.0,10.0,8.0,5.0,3.0,2.0,1.0,67
395,395,1,19.0,17.0,16.0,16.0,15.0,14.0,14.0,14.0,12.0,6.0,10.0,8.0,5.0,3.0,2.0,1.0,67
396,396,1,19.0,17.0,16.0,16.0,15.0,14.0,14.0,14.0,12.0,6.0,10.0,8.0,5.0,3.0,2.0,1.0,67
397,397,1,19.0,17.0,16.0,16.0,15.0,14.0,14.0,14.0,12.0,6.0,10.0,8.0,5.0,3.0,2.0,1.0,67
398,398,1,19.0,17.0,16.0,16.0,15.0,14.0,14.0,14.0,12.0,6.0,10.0,8.0,5.0,3.0,2.0,1.0,67
399,399,1,20.0,18.0,17.0,17.0,16.0,15.0,15.0,15.0,13.0,13.0,11.0,8.0,5.0,3.0,2.0,1.0,68
400,400,1,20.0,18.0,17.0,17.0,16.0,15.0,15.0,15.0,13.0,13.0,11.0,8.0,5.0,3.0,2.0,1.0,68
401,401,1,20.0,18.0,17.0,17.0,16.0,15.0,15.0,15.0,13.0,13.0,11.0,8.0,5.0,3.0,2.0,1.0,68
402,402,1,20.0,18.0,17.0,17.0,16.0,15.0,15.0,15.0,13.0,13.0,11.0,8.0,5.0,3.0,2.0,1.0,68
403,403,1,20.0,18.0,17.0,17.0,16.0,15.0,15.0,15.0,13.0,13.0,11.0,8.0,5.0,3.0,2.0,1.0,68
404,404,1,20.0,18.0,17.0,17.0,16.0,15.0,15.0,15.0,13.0,13.0,11.0,8.0,5.0,3.0,2.0,1.0,68
405,405,1,20.0,18.0,17.0,17.0,16.0,15.0,15.0,15.0,13.0,13.0,11.0,8.0,5.0,3.0,2.0,1.0,68
406,406,1,20.0,18.0,17.0,17.0,16.0,15.0,15.0,15.0,13.0,13.0,11.0,8.0,5.0,3.0,2.0,1.0,68
407,407,1,20.0,18.0,17.0,17.0,16.0,15.0,15.0,15.0,13.0,13.0,11.0,8.0,5.0,3.0,2.0,1.0,68
408,408,1,21.0,19.0,18.0,18.0,17.0,16.0,16.0,16.0,14.0,14.0,12.0,8.0,5.0,3.0,2.0,1.0,69
409,409,1,21.0,19.0,18.0,18.0,17.0,16.0,16.0,16.0,14.0,14.0,12.0,8.0,5.0,3.0,2.0,1.0,69
410,410,1,21.0,19.0,18.0,18.0,17.0,16.0,16.0,16.0,14.0,14.0,12.0,8.0,5.0,3.0,2.0,1.0,69
411,411,1,21.0,19.0,18.0,18.0,17.0,16.0,16.0,16.0,14.0,14.0,12.0,8.0,5.0,3.0,2.0,1.0,69
412,412,1,21.0,19.0,18.0,18.0,17.0,16.0,16.0,16.0,14.0,14.0,12.0,8.0,5.0,3.0,2.0,1.0,69
413,413,1,21.0,19.0,18.0,18.0,17.0,16.0,16.0,16.0,14.0,14.0,12.0,8.0,5.0,3.0,2.0,1.0,69
414,414,1,21.0,19.0,18.0,18.0,17.0,16.0,16.0,16.0,14.0,14.0,12.0,8.0,5.0,3.0,2.0,1.0,69
415,415,1,21.0,19.0,18.0,18.0,17.0,16.0,16.0,16.0,14.0,14.0,12.0,8.0,5.0,3.0,2.0,1.0,69
416,416,1,21.0,19.0,18.0,18.0,17.0,16.0,16.0,16.0,14.0,14.0,12.0,8.0,5.0,3.0,2.0,1.0,69
417,417,1,10.0,7.0,7.0,18.0,17.0,16.0,16.0,16.0,14.0,14.0,12.0,8.0,5.0,3.0,2.0,1.0,70
418,418,1,10.0,7.0,7.0,18.0,17.0,16.0,16.0,16.0,14.0,14.0,12.0,8.0,5.0,3.0,2.0,1.0,70
419,419,1,10.0,7.0,7.0,18.0,17.0,16.0,16.0,16.0,14.0,14.0,12.0,8.0,5.0,3.0,2.0,1.0,70
420,420,1,9.0,10.0,19.0,9.0,9.0,8.0,7.0,7.0,7.0,9.0,13.0,5.0,3.0,2.0,2.0,1.0,71
421,421,1,9.0,10.0,19.0,9.0,9.0,8.0,7.0,7.0,7.0,9.0,13.0,5.0,3.0,2.0,2.0,1.0,71
422,422,1,9.0,10.0,19.0,9.0,9.0,8.0,7.0,7.0,7.0,9.0,13.0,5.0,3.0,2.0,2.0,1.0,71
423,423,1,9.0,10.0,19.0,9.0,9.0,8.0,7.0,7.0,7.0,9.0,13.0,5.0,3.0,2.0,2.0,1.0,71
424,424,1,9.0,10.0,19.0,9.0,9.0,8.0,7.0,7.0,7.0,9.0,13.0,5.0,3.0,2.0,2.0,1.0,71
425,425,1,9.0,10.0,19.0,9.0,9.0,8.0,7.0,7.0,7.0,9.0,13.0,5.0,3.0,2.0,2.0,1.0,71
426,426,1,9.0,10.0,19.0,9.0,9.0,8.0,7.0,7.0,7.0,9.0,13.0,5.0,3.0,2.0,2.0,1.0,71
427,427,1,9.0,10.0,19.0,9.0,9.0,8.0,7.0,7.0,7.0,9.0,13.0,5.0,3.0,2.0,2.0,1.0,71
428,428,1,9.0,10.0,19.0,9.0,9.0,8.0,7.0,7.0,7.0,9.0,13.0,5.0,3.0,2.0,2.0,1.0,71
429,429,1,9.0,10.0,19.0,9.0,9.0,8.0,7.0,7.0,7.0,9.0,13.0,5.0,3.0,2.0,2.0,1.0,71
430,430,1,7.0,12.0,11.0,6.0,6.0,11.0,10.0,5.0,5.0,5.0,8.0,4.0,2.0,2.0,1.0,1.0,72
431,431,1,7.0,12.0,11.0,6.0,6.0,11.0,10.0,5.0,5.0,5.0,8.0,4.0,2.0,2.0,1.0,1.0,72
432,432,1,7.0,12.0,11.0,6.0,6.0,11.0,10.0,5.0,5.0,5.0,8.0,4.0,2.0,2.0,1.0,1.0,72
433,433,1,7.0,12.0,11.0,6.0,6.0,11.0,10.0,5.0,5.0,5.0,8.0,4.0,2.0,2.0,1.0,1.0,72
434,434,1,7.0,12.0,11.0,6.0,6.0,11.0,10.0,5.0,5.0,5.0,8.0,4.0,2.0,2.0,1.0,1.0,72
435,435,1,7.0,12.0,11.0,6.0,6.0,11.0,10.0,5.0,5.0,5.0,8.0,4.0,2.0,2.0,1.0,1.0,72
436,436,1,4.0,5.0,5.0,5.0,5.0,5.0,5.0,4.0,4.0,4.0,3.0,3.0,1.0,1.0,1.0,1.0,73
437,437,1,4.0,5.0,5.0,5.0,5.0,5.0,5.0,4.0,4.0,4.0,3.0,3.0,1.0,1.0,1.0,1.0,73
438,438,1,4.0,5.0,5.0,5.0,5.0,5.0,5.0,4.0,4.0,4.0,3.0,3.0,1.0,1.0,1.0,1.0,73
439,439,1,4.0,5.0,5.0,5.0,5.0,5.0,5.0,4.0,4.0,4.0,3.0,3.0,1.0,1.0,1.0,1.0,73
440,440,1,4.0,5.0,5.0,5.0,5.0,5.0,5.0,4.0,4.0,4.0,3.0,3.0,1.0,1.0,1.0,1.0,73
441,441,1,4.0,5.0,5.0,5.0,5.0,5.0,5.0,4.0,4.0,4.0,3.0,3.0,1.0,1.0,1.0,1.0,73
442,442,1,4.0,5.0,5.0,5.0,5.0,5.0,5.0,4.0,4.0,4.0,3.0,3.0,1.0,1.0,1.0,1.0,73
443,443,1,5.0,4.0,6.0,4.0,5.0,5.0,5.0,4.0,4.0,4.0,3.0,3.0,1.0,1.0,1.0,1.0,74
444,444,1,5.0,4.0,6.0,4.0,11.0,9.0,12.0,4.0,4.0,4.0,3.0,3.0,1.0,1.0,1.0,1.0,75
445,445,1,5.0,4.0,6.0,4.0,5.0,5.0,5.0,4.0,4.0,4.0,3.0,3.0,1.0,1.0,1.0,1.0,76
446,446,1,4.0,5.0,5.0,5.0,5.0,5.0,5.0,4.0,4.0,4.0,3.0,3.0,1.0,1.0,1.0,1.0,77
447,447,1,4.0,5.0,5.0,5.0,5.0,5.0,5.0,4.0,4.0,4.0,3.0,3.0,1.0,1.0,1.0,1.0,77
448,448,1,4.0,5.0,5.0,5.0,5.0,5.0,5.0,4.0,4.0,4.0,3.0,3.0,1.0,1.0,1.0,1.0,77
449,449,1,4.0,5.0,5.0,5.0,5.0,5.0,5.0,4.0,4.0,4.0,3.0,3.0,1.0,1.0,1.0,1.0,77
450,450,1,5.0,4.0,6.0,4.0,5.0,5.0,5.0,4.0,4.0,4.0,3.0,3.0,1.0,1.0,1.0,1.0,78
451,451,1,5.0,4.0,4.0,4.0,5.0,5.0,5.0,4.0,4.0,4.0,3.0,3.0,1.0,1.0,1.0,1.0,79
452,452,1,4.0,5.0,5.0,5.0,4.0,4.0,4.0,3.0,3.0,3.0,4.0,3.0,1.0,1.0,1.0,1.0,80
453,453,1,4.0,5.0,5.0,5.0,4.0,4.0,4.0,3.0,3.0,3.0,4.0,3.0,1.0,1.0,1.0,1.0,80
454,454,1,4.0,5.0,5.0,5.0,5.0,5.0,4.0,3.0,3.0,4.0,3.0,3.0,1.0,1.0,1.0,1.0,81
455,455,1,14.0,6.0,4.0,8.0,4.0,4.0,4.0,3.0,2.0,3.0,4.0,3.0,1.0,1.0,1.0,1.0,82
456,456,1,14.0,6.0,4.0,8.0,4.0,4.0,4.0,3.0,2.0,3.0,4.0,3.0,1.0,1.0,1.0,1.0,82
457,457,1,14.0,6.0,4.0,8.0,4.0,4.0,4.0,3.0,2.0,3.0,4.0,3.0,1.0,1.0,1.0,1.0,82
458,458,1,14.0,6.0,4.0,8.0,4.0,4.0,4.0,3.0,2.0,3.0,4.0,3.0,1.0,1.0,1.0,1.0,82
459,459,1,4.0,5.0,5.0,5.0,4.0,4.0,4.0,3.0,3.0,3.0,4.0,3.0,1.0,1.0,1.0,1.0,83
460,460,1,13.0,14.0,12.0,6.0,12.0,12.0,2.0,11.0,3.0,3.0,4.0,3.0,1.0,1.0,1.0,1.0,84
461,461,1,13.0,14.0,12.0,6.0,12.0,12.0,2.0,11.0,3.0,3.0,4.0,3.0,1.0,1.0,1.0,1.0,84
462,462,1,13.0,14.0,12.0,6.0,12.0,12.0,2.0,11.0,3.0,3.0,4.0,3.0,1.0,1.0,1.0,1.0,84
463,463,1,4.0,5.0,5.0,5.0,4.0,4.0,4.0,3.0,3.0,3.0,4.0,3.0,1.0,1.0,1.0,1.0,85
464,464,1,14.0,6.0,3.0,8.0,3.0,3.0,3.0,2.0,2.0,2.0,2.0,2.0,1.0,1.0,1.0,1.0,86
465,465,1,14.0,6.0,3.0,8.0,3.0,3.0,3.0,2.0,2.0,2.0,2.0,2.0,1.0,1.0,1.0,1.0,86
466,466,1,14.0,6.0,3.0,8.0,3.0,3.0,3.0,2.0,2.0,2.0,2.0,2.0,1.0,1.0,1.0,1.0,86
467,467,1,3.0,8.0,3.0,3.0,3.0,3.0,3.0,2.0,2.0,2.0,2.0,2.0,1.0,1.0,1.0,1.0,87
468,468,1,3.0,8.0,3.0,3.0,3.0,3.0,3.0,2.0,2.0,2.0,2.0,2.0,1.0,1.0,1.0,1.0,87
469,469,1,3.0,8.0,3.0,3.0,3.0,3.0,3.0,2.0,2.0,2.0,2.0,2.0,1.0,1.0,1.0,1.0,87
470,470,1,3.0,8.0,3.0,3.0,3.0,3.0,3.0,2.0,2.0,2.0,2.0,2.0,1.0,1.0,1.0,1.0,87
471,471,1,3.0,8.0,3.0,3.0,3.0,3.0,3.0,2.0,2.0,2.0,2.0,2.0,1.0,1.0,1.0,1.0,87
472,472,1,15.0,2.0,9.0,14.0,2.0,7.0,12.0,6.0,2.0,2.0,2.0,2.0,1.0,1.0,1.0,1.0,88
473,473,1,2.0,3.0,2.0,2.0,2.0,2.0,2.0,6.0,2.0,2.0,2.0,2.0,1.0,1.0,1.0,1.0,89
474,474,1,2.0,2.0,2.0,2.0,2.0,2.0,2.0,1.0,1.0,1.0,1.0,1.0,1.0,1.0,1.0,1.0,90
475,475,1,1.0,1.0,1.0,1.0,1.0,1.0,1.0,1.0,1.0,1.0,1.0,1.0,1.0,1.0,1.0,1.0,91
476,476,1,1.0,1.0,1.0,1.0,1.0,1.0,1.0,1.0,1.0,1.0,1.0,1.0,1.0,1.0,1.0,1.0,91
477,477,1,1.0,1.0,1.0,1.0,1.0,1.0,1.0,1.0,1.0,1.0,1.0,1.0,1.0,1.0,1.0,1.0,91
478,478,1,1.0,1.0,1.0,1.0,1.0,1.0,1.0,1.0,1.0,1.0,1.0,1.0,1.0,1.0,1.0,1.0,91
479,479,1,1.0,1.0,1.0,1.0,1.0,1.0,1.0,1.0,1.0,1.0,1.0,1.0,1.0,1.0,1.0,1.0,91
480,480,1,1.0,1.0,1.0,1.0,1.0,1.0,1.0,1.0,1.0,1.0,1.0,1.0,1.0,1.0,1.0,1.0,91
481,481,1,1.0,1.0,1.0,1.0,1.0,1.0,1.0,1.0,1.0,1.0,1.0,1.0,1.0,1.0,1.0,1.0,91
482,482,1,1.0,1.0,1.0,1.0,1.0,1.0,1.0,1.0,1.0,1.0,1.0,1.0,1.0,1.0,1.0,1.0,91
483,483,1,1.0,1.0,1.0,1.0,1.0,1.0,1.0,1.0,1.0,1.0,1.0,1.0,1.0,1.0,1.0,1.0,91
484,484,1,2.0,2.0,2.0,1.0,1.0,1.0,1.0,1.0,1.0,1.0,1.0,1.0,1.0,1.0,1.0,1.0,92
485,485,1,1.0,1.0,1.0,1.0,1.0,1.0,1.0,1.0,1.0,1.0,1.0,1.0,1.0,1.0,1.0,1.0,93
486,486,1,1.0,1.0,1.0,1.0,1.0,1.0,1.0,1.0,1.0,1.0,1.0,1.0,1.0,1.0,1.0,1.0,93
487,487,1,1.0,1.0,1.0,1.0,1.0,1.0,1.0,1.0,1.0,1.0,1.0,1.0,1.0,1.0,1.0,1.0,93
488,488,1,1.0,1.0,1.0,1.0,1.0,1.0,1.0,1.0,1.0,1.0,1.0,1.0,1.0,1.0,1.0,1.0,93
489,489,1,1.0,1.0,1.0,1.0,1.0,1.0,1.0,1.0,1.0,1.0,1.0,1.0,1.0,1.0,1.0,1.0,93
490,490,1,1.0,1.0,1.0,1.0,1.0,1.0,1.0,1.0,1.0,1.0,1.0,1.0,1.0,1.0,1.0,1.0,93
491,491,1,1.0,1.0,1.0,1.0,1.0,1.0,1.0,1.0,1.0,1.0,1.0,1.0,1.0,1.0,1.0,1.0,93
492,492,1,1.0,1.0,1.0,1.0,1.0,1.0,1.0,1.0,1.0,1.0,1.0,1.0,1.0,1.0,1.0,1.0,93
493,493,1,1.0,1.0,1.0,1.0,1.0,1.0,1.0,1.0,1.0,1.0,1.0,1.0,1.0,1.0,1.0,1.0,93
494,494,1,1.0,1.0,1.0,1.0,1.0,1.0,1.0,1.0,1.0,1.0,1.0,1.0,1.0,1.0,1.0,1.0,93
495,495,1,1.0,1.0,1.0,1.0,1.0,1.0,1.0,1.0,1.0,1.0,1.0,1.0,1.0,1.0,1.0,1.0,93
496,496,1,1.0,1.0,1.0,1.0,1.0,1.0,1.0,1.0,1.0,1.0,1.0,1.0,1.0,1.0,1.0,1.0,93
497,497,1,1.0,1.0,1.0,1.0,1.0,1.0,1.0,1.0,1.0,1.0,1.0,1.0,1.0,1.0,1.0,1.0,93
498,498,1,1.0,1.0,1.0,1.0,1.0,1.0,1.0,1.0,1.0,1.0,1.0,1.0,1.0,1.0,1.0,1.0,93
499,499,1,1.0,1.0,1.0,1.0,1.0,1.0,1.0,1.0,1.0,1.0,1.0,1.0,1.0,1.0,1.0,1.0,93
500,500,1,1.0,1.0,1.0,1.0,1.0,1.0,1.0,1.0,1.0,1.0,1.0,1.0,1.0,1.0,1.0,1.0,93
501,501,1,3.0,8.0,9.0,3.0,2.0,7.0,3.0,6.0,2.0,2.0,2.0,2.0,1.0,1.0,1.0,1.0,94
502,502,1,3.0,8.0,9.0,3.0,2.0,7.0,3.0,6.0,2.0,2.0,2.0,2.0,2.0,2.0,1.0,1.0,95
503,503,1,3.0,8.0,9.0,3.0,2.0,7.0,3.0,6.0,2.0,2.0,2.0,2.0,2.0,2.0,1.0,1.0,95
504,504,1,3.0,8.0,9.0,3.0,2.0,7.0,3.0,6.0,2.0,2.0,2.0,2.0,2.0,2.0,1.0,1.0,95
505,505,1,3.0,8.0,9.0,3.0,2.0,7.0,3.0,6.0,2.0,2.0,2.0,2.0,2.0,2.0,1.0,1.0,95
506,506,1,3.0,8.0,9.0,3.0,2.0,7.0,3.0,6.0,2.0,2.0,2.0,2.0,2.0,2.0,1.0,1.0,95
507,507,1,3.0,8.0,9.0,3.0,2.0,7.0,3.0,6.0,2.0,2.0,2.0,2.0,2.0,2.0,1.0,1.0,95
508,508,1,3.0,8.0,9.0,3.0,2.0,7.0,3.0,6.0,2.0,2.0,2.0,2.0,2.0,2.0,1.0,1.0,95
509,509,1,3.0,8.0,9.0,3.0,2.0,7.0,3.0,6.0,2.0,2.0,2.0,2.0,2.0,2.0,1.0,1.0,95
510,510,1,3.0,8.0,9.0,3.0,2.0,7.0,3.0,6.0,2.0,2.0,2.0,2.0,2.0,2.0,1.0,1.0,95
511,511,1,,,,,,,,,,,,,,,,,96
512,512,1,,,,,,,,,,,,,,,,,96
